ISIM;SOYISIM
FATMA ECE;KALYENCİ
MUSTAFA;SÜLÜK
ÇAĞDAŞ;TEKİR
SEYFİ CEM;ÇEVİK
GÜLSEN;GÜRBOSTAN
MÜMÜNE;ADANIR
AYDOĞAN;ARSLAN
YUNUS;HODJAOGLU
EYLEM;AKIN
SULTAN;DAYANGAÇ
HURİYE;KARAKUŞ
HASAN BİLEN;IŞIK
BAHADIR;ÇOLAKEROL
RUKİYE ÖZDEN;AYDOĞAN
MELİKE;GÖKTÜRK
MAHMUT ESAT;TAŞLI
FADIL;BÜYÜKCAM
ÇAĞLAR;EKİZ
TAYFUR;KUTAN
ALİ OZAN;ARI
SEZİN;İLİK
ÖNDER TURGUT;SÖYLEMEZ
DERMAN;BAKLALI
MELİHA ESRA;KILINÇ
AYKUT;YARDIMCI
BERNA;YAMAN
AYŞEGÜL;BÖLÜKBAŞ
ZEKERİYA ERSİN;KAYAYURT
EMRE;ÖZBEYLER
TEVFİK ÖZGÜN;KUCUR
TİMUR;KAYLAN
YILDIZ;DESTEGÜL
SUAT;PEKTAŞ
ZAFER;ASENA
BURHAN;AVCIOĞLU
YURDAGÜL;AKKÜÇÜK
ALPER;İÇBAY
YETKİN;ÜNLÜ
BİLGİN;ALMOFTI
GÖZDEM;BAŞ
İBRAHİM HALİL;KARAMAHMUTOĞLU
AYKAN;SEZER
ZEYNEP GÖKÇE;SULHAN
MEHMET;DİNÇER
SEBİHA;UZUNOĞLU
PERVİN;İMALI
GİZEM;BAKANAY
GÜLAY;ŞENGÜL
YASEMİN;SADUNOĞLU
EREN;LAĞARLI
ÖMER ÖZKAN;ERGÜLÜ
FERDİ;DEĞİRMENCİ
MAHMUT NURİ;ASLANER
HACI;MUTLU
HACER;ÖZKAYA
MUAMMER HAYRİ;ELGÖRMÜŞ
ELİF AYŞE;AKBAŞ
SEMA NİLAY;BAZ
HALUK;ÇAKMAK
ÜLKÜHAN;ERDEN
ŞADİYE SELİN;CEYLAN
EMİŞ;AFŞAR
ZERİN;YETİZ
YUSUF ALPER;BAGLARS
MEHMET ÖZER;GEZİCİ
GÜNEŞ;GÖRMÜŞ
SARE;GENÇDAL
ŞEYMA;ÇELEBİ
GÜNDEM;ERSOY
OSMAN ERSEGUN;GÜLER
SEMİH;DİLLİ
ŞERAFETTİN;ALKIŞ
EKİN;MERDEN
FUAT;YENİÇERİ
UTKU;GÜLEÇ
SÜHEYLA AYÇA;KORKMAZOĞLU
EZGİ;GİRAY
HAYRİYE;NİMETİGİL
İRFAN;KARATAŞ
HAZEL;NART
NİLGÜN;IŞIKALAN
ÖZGE;TAŞ
ESİN SEREN;DORUK
DİLEK;DİLEK
NURSEL;KEBAPCILAR
SUNA;BİLGİÇ
SERAY;TACİR
RİFAT CAN;TARAKCI
BELGİN;BAY
CUMHUR;ŞENÖZ
BARIŞ;SUNGAR
ELİFCAN;KAHRAMAN
NAZAN;DAM
SERHAT;KÖYLÜOĞLU
SEMRA;KASAP
İBRAHİM BARIŞ;AKAR
TUBA;GÜLTEKİN
ERKAN;AKPINAR
GÜNAY;İSTEK
SEDA ELÇİM;ÇETİNKAYA
EMRAH;SARIÇİÇEK
NİHAT BERKAY;PAKSOY
BÜŞRA SULTAN;ALICI
AHMET GÖKHAN;YENİGÜN
CAN;YILMAZ
NİLÜFER;BAĞLI
ABDURRAHMAN FUAT;İSEN
OKAN;KISAOĞLU
ENES;EVCİ
ÖZDEN;AKŞAHİN
GANİM;KUYUCU
HAÇÇE;ZENGİN
UĞURAY;YENİAY
FİKRİ;ÖZKURT
SIDIKA;GÜVEREN
YUSUF;ORTA
SEDAT;ADISANLI
SEHER ÖZLEM;TÜRKDOĞAN
ATİYE MELTEM;UÇAR
ASLAN;BALSAK
HASAN;KULAKSIZ
SEMİNE;KAZAN
TOLGA;GÜNEŞ
EMEL;DİLMEN
HİLAL;AKSEL
PELİN;ÖKMEN
ASLIHAN;ŞATIROĞLU
SEÇKİN;ERDOĞAN
ZÜHAL;BAK
NURCAN;EREN
FİLİZ;KUDAY
ELİF CEREN;GENÇTÜRK
KADİR;İNAL
YENER;BAŞTEMİR
SEVAL;ŞELİMAN
FAİK;BİLGİ
AYŞE GİZEM;YALNIZ
NECİP;PEKER
OĞUZ KAAN;ÇINAR
AHMET EMRE;YAMAK
SİNAN;AHISKALI
İLKER;GÜNGÖR
NURİ ANIL;YALINKILIÇ
ESRA NUR;KARAAĞAÇ
İSMAİL YAVUZ;TEKER
ZİYA;COŞGUN
MUSTAFA ULAŞ;KARPUZ
ZEHRA;AHÇI
OĞUZHAN;DEMİRTAŞ
DUYGU;ÇETE
DENİZ;SERTEL
BİLGE;ACARBULUT
YAVUZ;AK
ÜMMÜGÜLSÜM;YARBİL
BİREYLÜL;KÜÇÜKÖZKAN
GAMZE;KAPÇAK
GÜLNAME;BOZKUŞ
KENAN;İLKER
ANIL;DOĞAN
ASLIHAN ESRA;ALBEN
MAKBULE SEDA;DEMİR
ECE;ŞİMŞEK
UMUT SEDA;ŞAHİN
GÜRKAN;GERDAN
MUHAMMET MUSTAFA;KARAKAYA
OSMAN;ÇANTAY
ALMALA PINAR;YÜCETÜRK
ERHAN;BÜYÜK
EYÜP;NUHVEREN
MUHAMMET TAYYİP;YURDSEVEN
URAL;KOCAMAN
COŞKUN;ULUÖZ
MEHMET ÖZGÜR;TAŞKIN
AYŞE AHSEN;USTAALİOĞLU
OĞUZ;GENÇER
SELMA;COŞKUN
DERVİŞ;SÜRÜM
EBRU;DURMAN
EFTAL MURAT;KARASU
NEFİSE;TEKİNSOY
MAHPERİ;KANKILIÇ
OLCAY BAŞAK;TİLBE
ANDAÇ;TOLA
HİLAYDA;AYVAZ
ERAY;AKSAÇ
SEVİL;DAĞLI
EDİP GÜVENÇ;KARAMAN
TUĞÇE;BADILLIOĞLU
BURÇİN;UZUNCA
HANDE;KOÇ
CANSU SELCAN;KOÇOĞLU
ŞEYMA MELİHA;CANİK
ABDÜLSAMET;YALÇINKAYA
İSA;MAĞATUR
YELDA;YAVUZ
HASAN SERKAN;YALÇIN
DİLARA;MERHAMETSİZ
AYŞE GÜLÇİN;ARTUÇ
MUSACİDE ZEHRA;KARABAĞ
CEYHUN;UZ
METİN;KESER
BENGÜHAN;BAYRAMOĞLU
HASİBE;TURĞUT
EVRİM;ELÇİ
SAMET;KAYACAN
CEMAL;YAĞLI
ABDULSAMET;SANCAR
ZERRİN;BAHÇECİ
AYŞE FULYA;İBİŞOĞLU
SELÇUK;NİZAM
MÜJDAT;SAKALLI
SAYGIN;YANCAR
TUĞBA;DEMİRCAN
DURAN;ÖZÇAY
RASİM;KARACA
ESRA CAN;KAVURGACI
TUBA HANIM;ATAK
İHSAN;YİĞİT
HACİ HALİL;ÖZCANOĞLU
ESRA;KURUL
FERDA;MEŞE
SÜREYYA BURCU;SUZAN
SEÇİL;TURAN
EZEL;ERGİNTÜRK
YILDIRIM;ASLAN
GÖKAY;KARDAŞ
KIYMET;EROĞLU
MUSTAFA CİHAD;YAPAR
İSMAİL MİKDAT;BİLGİN
MUSTAFA KEMAL;AVLANIR
BERFİN;YAZICI
MUSTAFA KÜRŞAT;DEMİRER
VEYSEL;PİRDOĞAN
HAMİT;MAVİ
ZEYNEP;PİRİ
DEMİR;ÖCAL
HÜSEYİN ONUR;ÜLGER
BAYRAM;BOLAT
NEZİH;PAKÖZ
KÜRŞAT;AVCI
NİZAMETTİN;AKAN
ADEM;ÖNER
GÖKÇEN;ÖZÇELİK
AYDIN;ÖZANLAĞAN
ORÇUN;İLHAN
MUHAMMET MURAT;GÜVEN
SELİM;AKIŞ
ALEVTİNA;ATEŞ
SİMGE;EYLEN
MUHAMMED TAHA;YENİDOĞAN
ÇİĞDEM;ÇİFT
CEMİL;KOPAN
RÜŞTÜ;TÜLÜBAŞ
NAİME SILA;DUMAN
DİLBER;KARAGÖZ
SEDEF;TAŞKIRAN
GÜHER;ÖZTAŞ
ERSAGUN;KUTLAR
AYŞE;ANIK
RABİA;KOÇAR
YİĞİT;İZCİ
ATİLLA SÜLEYMAN;YABUL
BENHUR ŞİRVAN;YILDIZ
REFAETTİN;ÇÖL
GÜLHANIM;AYTAÇ
ELİF;ÇINARLIK
KEMAL;BOZARSLAN
BELMA;KARAHAN
GONCA;HALHALLI
EMİNE DİLEK;KUNAK
SERVET;DAL
UMUT SİNAN;AKBUDAK
RAMAZAN;UYAR
PINAR;UYKUR
MESUT;BULUT
CEM;YÜCEL
MEHMET NURİ;DEDEMOĞLU
ENGİN;SELÇUK
ERDEM;EYÜP
ŞAHİNDE;DUYU
ASUMAN;TURGUT
AYLA;KÜÇÜK
ZÜMRÜT ELA;SEÇKİN
GÖKMEN ALPASLAN;ÇETER
IŞIK;KULAÇ
CEMRE;KURU
MÜBERRA;KANAT
SERDAR;AKINCI
MARİA;CÖMERT
EMRAH KEMAL;SERTKAYA
ABDULLAH;AYKUŞ
ŞENOL;ARAS
SALİHA;NALBANT
ÖMER;BARAN
HALİL İBRAHİM;MENDEŞ
DİDEM;SİVRİ
ÖZGÜR;BODUROĞLU
MURAT;BAL
ALİ SEÇKİN;GÜZEL
ÖZGÜR SİNAN;AYHAN
DUÇEM;KIZILMEŞE
EMİNE;YAKIŞAN
CUMA;ATAR
GÜLTEKİN  GÜNHAN;KIRBAŞ
HALİL;ÖZÜDOĞRU
ENVER;KURT
SEMA;KOPTUR
BELGİN EMİNE;SAATÇIOĞLU
MAHİR;GÖKSOY
ELA;TÜTEN
GÖZDE KÜBRA;ÖNAL
NURDAN;BEKAR
MİRAY;HAŞİMOĞLU
AYSEL;MENEKŞE
SEYHAN;SELVİOĞLU
BURAK;ÜZER
KENAN SELÇUK;ZİLELİGİL
DEMET;BEREKET
ADNAN;ÖZER
NURAN;GÜLSOY
SERÇİN;SELVİ
FATMA SELCEN;SAKALLIOĞLU
HATİCE;ÇOBANOĞLU
AHMET;GÖLEMEZ
UMUT;LEYMUNÇİÇEĞİ
CEYDA;RENÇBER
HAKAN;HÖKE
GÖKTEKİN;KÖKSAL
CENGİZ;YAVAŞİ
ZELİHA;SARAÇOĞLU
GÜLDEN;KARA
MUSTAFA ERSAGUN;KÖŞKER
NİHAL;KUŞKU
MEHRİ;BÜYÜKCERAN
GAMZE PINAR;KISA
FUNDA;BERENT
FARUK;TATLI
MEHMET HÜSEYİN;GÜL
AYSUN;TOPAL
ŞENAY;ÇELİK
HAYRİ;ALTAŞ
VELAT;BİLGE
İBRAHİM;PİŞİRGEN
NAFİYE;ÇALIK
YASİN;GENEL
SİBEL;KINIK
MUHAMMED;HİÇYILMAZ
ŞERİFE YASEMİN;ŞEN
VOLKAN;GEÇMEN
FATMA BEGÜM;FIRAT
ALİ;AŞAN
BETÜL EMİNE;DAĞLIOĞLU
HALE;OYNAK
TUNA;ARSLANKEÇECİOĞLU
BİLAL BARIŞ;ALMACIOĞLU
IŞIN;BULUR
SÜHEYLA;ÖVEN
NEVROZ;ERKAN
SEZEN;TÜRKOĞLU
HASAN KADİR;GÖKALP
SANCAR;MUTLUER
GÖKHAN;DURAN
FEYZA;TIRAŞ
YAŞAR GÖKHAN;AKGÜN
MAHSUM;SARAÇ
AYHAN;ABACIOĞLU
IŞIL;YAKUT
ESEN İBRAHİM;KAYMAN
TUĞRA;MURT
FERİT;ÇETİN
SEDA;KARAKUM
TAHSİN BATUHAN;TAHTACI
MEHTAP;AKKAN
KALENDER;DEMİRÖZ
MEHMET GÖKÇE;SANHAL
MERVE;AKSU
AYDEMİR;TEMLİ
BAŞAK;BERTAN
HİKMET EKİN;AKCAN
NAZIM;AKSOY
YAVUZ SELİM;DERE
ATILGAN;KAYKISIZ
KÜBRA;ÇELİKER
ERCAN;KARADENİZ
ULAŞ;ERKURAN
BETÜL;YÜKSEL
DİDEM AYŞE;DEDEOĞLU
ÇETİN;KULA
AYBEGÜM;GEDİKLİ
CEMİLE AYŞE;ACAR
HÜSEYİN KUNTER;KAÇIRA
FERAT;ERGE
NURETTİN;ULUTAŞ
ESER;DİNCER
ONUR KADİR;SEVEN
ŞAHABETTİN;CANTAY
ESİN;AKSAKAL
HABİL;ÇİFTCİ
MUHAMMED HASAN;SEVİNÇ
MUAMMER;ÇANGAL
BURCU;KORKMAZ
HAMDİ;SAĞLAM
FATMA ESİN;YENİDÜNYA
CEMİLE ÇİĞDEM;KEÇECİ
ŞÜKRÜ;SAVAŞ
SERKAN;ELVERDİ
HACI MEHMET;DAĞDELEN
ZÜLFİYE;ŞENTÜRK
MUSTAFA FERHAT;BEDER
UFUK;DİNLER
BERRİN;TEKİN
SERDAR BORA;GÜLDAMLA
BATURAY KANSU;KAYIHAN
AZİZ;YEŞİLOVA
ABDULLAH ARİF;ÜNAL
KORAY;YÜZER
MAHMUT BAKIR;AKTAŞ
OKTAY;ERKEN
LEVENT;BİLAL
AYŞE GÜL;AKMAN
SONER;MART
MEHMET HİLMİ;YEŞİLFİDAN
BERFİN CAN;TATAR
ASUDAN TUĞÇE;TEĞİN
CEREN;ORHAN
ÇAĞRI;ATASOY
MUSTAFA GÜRHAN;EROL
NESLİHAN;AYDIN
SERPİL;KARPUZOĞLU
SONGÜL;BADEM
MÜNEVER;ŞAHBAZ
SERHAT BURKAY;ÖZİŞ
ORGÜL DERYA;DEMİRKOL
MEHMET REŞİT;ÖĞÜTMEN
TÜLAY;YAZAK
NURAY;SAÇLI
BEDRİ;BOZKIR
İLHAN;GÖK
BARAN;UZUNCAN
DERYA;YAĞAN
MUZAFFER OĞUZ;ÖZAYDIN
BESTE;SUMAN
MÜMTAZ;CAF
SÜLEYMAN;ÇİLDİR
MUSTAFA ALİCAN;ÇETİNER
ENDER;CAMCI
EMİNE AYÇA;ÖZCAN
ASLI;BURAK
SALİHA SANEM;EŞMEN
BEYZA;KÖROĞLU
ARZU;KONUK
FATMA;KAHREMAN
SEVGİ;İRİS
NEVRİYE;DEMİREL
EVREN;DENİZ
YAKUP;BABACAN
GÜLPERİ;AYDEMİR
SERAP;BİNNETOĞLU
LATİFE;AZAR
LEMAN;ERASLAN
MUHLİS;UYANIK
SENEM;SÖNMEZ
ELİF ÇİLER;TEZEL
ŞEBNEM;KIRAN
ALİŞAN;BALLI
İZZET;ÖZTÜRK
SİMENDER;DÜNDAR
VELİ ÇAĞLAR;KELEŞ
FUAT ERNİS;EKİNCİ
CEYHAN;PARA
AHMET ÇAĞRI;OLGAÇ
AYBÜKE;GÖKÇEK
FATİH;GEDÜK
ONAT;ÇAMUR
FIRAT;DİVARCI
ÖZGÜL;KANSU
ŞEREF CAN;TANRIKULU
ÖKKEŞ;OĞUZSOY
ÇAVLAN;KADI
MAHMUT;KESİK
İSMAİL EVREN;BAHÇEBAŞI
FATİH RIFAT;İZGİ
RIFAT;ATMIŞ
TANSU;BAKAR
ERKAN SABRİ;BOZOĞLAN
MEHMET MURAT;TEKİŞ
İLKAY;TANRİVERDİ
FATIMA İLAY;GÜLŞAN
ÖVGÜ ANIL;KAVMAZ
ÖZLEM;MALÇOK
ÖNDER;PARASIZ
MERAL;ELBÜKEN
CEM İNAN;TOPÇU
FEVZİYE;BAŞYİĞİT
MERT;KÖSE
ÜMİT;BAŞYURT
SEVDA;ÖTER
BAVER;NACAROĞLU
BİLGİ;BERKAY
MEHMET BURHAN;VATANSEVER